# Sequence,Owner,Key,bytes
1,8c5303eaa26202d6,storage,0
2,8c5303eaa26202d6,storage,0
3,8c5303eaa26202d6,storage,0
4,1d7e57aa55817448,a.s,25
5,1d7e57aa55817448,a.s,25
6,1d7e57aa55817448,code.MetadataViews,26359
7,f233dcee88fe0abe,a.s,25
8,f233dcee88fe0abe,a.s,25
9,f233dcee88fe0abe,code.FungibleToken,8206
10,1d7e57aa55817448,a.s,25
11,1d7e57aa55817448,a.s,25
12,1d7e57aa55817448,code.NonFungibleToken,7009
13,49a7cda3a1eecc29,a.s,25
14,49a7cda3a1eecc29,a.s,25
15,49a7cda3a1eecc29,code.NFTCatalog,14381
16,1d7e57aa55817448,a.s,25
17,49a7cda3a1eecc29,a.s,25
18,49a7cda3a1eecc29,a.s,25
19,49a7cda3a1eecc29,code.NFTRetrieval,8817
20,1d7e57aa55817448,a.s,25
21,49a7cda3a1eecc29,a.s,25
22,1d7e57aa55817448,a.s,25
23,f233dcee88fe0abe,a.s,25
24,1d7e57aa55817448,a.s,25
25,49a7cda3a1eecc29,a.s,25
26,49a7cda3a1eecc29,a.s,25
27,49a7cda3a1eecc29,contract,8
28,49a7cda3a1eecc29,$0000000000000008,160
29,49a7cda3a1eecc29,$0000000000000004,361
30,49a7cda3a1eecc29,$0000000000000005,221
31,49a7cda3a1eecc29,$00000000000015ae,1382
32,49a7cda3a1eecc29,$0000000000000df5,305
33,49a7cda3a1eecc29,$0000000000000df6,441
34,49a7cda3a1eecc29,$0000000000000df7,130
35,49a7cda3a1eecc29,$0000000000000df8,213
36,49a7cda3a1eecc29,$0000000000000df9,146
37,49a7cda3a1eecc29,$0000000000000dfa,139
38,49a7cda3a1eecc29,$0000000000000dfb,145
39,49a7cda3a1eecc29,$0000000000000dfc,153
40,49a7cda3a1eecc29,$0000000000000dfd,173
41,49a7cda3a1eecc29,$0000000000000dfe,149
42,49a7cda3a1eecc29,$0000000000000dff,148
43,49a7cda3a1eecc29,$0000000000000e00,308
44,49a7cda3a1eecc29,$0000000000000e01,354
45,49a7cda3a1eecc29,$0000000000000e02,295
46,04d0ad2a48fe9312,public,8
47,04d0ad2a48fe9312,$0000000000003afc,74
48,04d0ad2a48fe9312,$0000000000003afe,1254
49,04d0ad2a48fe9312,storage,8
50,04d0ad2a48fe9312,$0000000000003afa,838
51,04d0ad2a48fe9312,$0000000000000005,137
52,0b2a3299cc857e29,a.s,25
53,0b2a3299cc857e29,a.s,25
54,0b2a3299cc857e29,code.TopShot,71053
55,f233dcee88fe0abe,a.s,25
56,1d7e57aa55817448,a.s,25
57,1d7e57aa55817448,a.s,25
58,0b2a3299cc857e29,a.s,25
59,0b2a3299cc857e29,a.s,25
60,0b2a3299cc857e29,code.TopShotLocking,5514
61,1d7e57aa55817448,a.s,25
62,0b2a3299cc857e29,a.s,25
63,04d0ad2a48fe9312,$000000000000260d,247
64,04d0ad2a48fe9312,$0000000000003aef,1348
65,04d0ad2a48fe9312,$000000000000869c,911
66,04d0ad2a48fe9312,$00000000000086a7,144
67,1d7e57aa55817448,contract,8
68,1d7e57aa55817448,$0000000000000005,78
69,1d7e57aa55817448,$0000000000000002,79
70,0b2a3299cc857e29,contract,8
71,0b2a3299cc857e29,$000000000000153d,162
72,0b2a3299cc857e29,$0000000000000003,277
73,04d0ad2a48fe9312,$00000000000086a8,145
74,0b2a3299cc857e29,$0000000000000ef6,174
75,0b2a3299cc857e29,$0000000000000ef4,872
76,0b2a3299cc857e29,$00000000000000fe,995
77,0b2a3299cc857e29,$000000000001cff7,130
78,0b2a3299cc857e29,$000000000001cff8,954
79,0b2a3299cc857e29,$00000000000010a6,148
80,0b2a3299cc857e29,$000000000000106d,1117
81,0b2a3299cc857e29,$0000000000012aa6,146
82,0b2a3299cc857e29,$000000000000106c,144
83,0b2a3299cc857e29,$0000000000010d31,1022
84,0b2a3299cc857e29,$0000000000012aa7,246
85,0b2a3299cc857e29,$0000000000012aa8,319
86,0b2a3299cc857e29,$0000000000012aaa,961
87,0b2a3299cc857e29,$0000000000012aa9,1204
88,04d0ad2a48fe9312,$0000000000003afc,74
89,04d0ad2a48fe9312,$0000000000003afe,1254
90,04d0ad2a48fe9312,a.s,25
91,04d0ad2a48fe9312,a.s,25
